<!-- 
/** 
 * [SIMINOV FRAMEWORK]
 * Copyright [2015] [Siminov Software Solution LLP|support@siminov.com]
 *
 * Licensed under the Apache License, Version 2.0 (the "License");
 * you may not use this file except in compliance with the License.
 * You may obtain a copy of the License at
 *
 *     http://www.apache.org/licenses/LICENSE-2.0
 *
 * Unless required by applicable law or agreed to in writing, software
 * distributed under the License is distributed on an "AS IS" BASIS,
 * WITHOUT WARRANTIES OR CONDITIONS OF ANY KIND, either express or implied.
 * See the License for the specific language governing permissions and
 * limitations under the License.
 **/

-->
 
<database-mapping-descriptor>

	<entity table_name="CREDENTIAL" class_name="Credential">
		
		<attribute variable_name="accountId" column_name="ACCOUNT_ID">
			<property name="type">NSString</property>
			<property name="primary_key">true</property>
			<property name="not_null">true</property>
			<property name="unique">true</property>
		</attribute>		
		
		<attribute variable_name="credentialType" column_name="CREDENTIAL_TYPE"> 
			<property name="type">NSString</property>
			<property name="primary_key">true</property>
			<property name="not_null">true</property>
			<property name="unique">true</property>
		</attribute>
		
		<attribute variable_name="token" column_name="TOKEN"> 
			<property name="type">NSString</property>
			<property name="not_null">true</property>
			<property name="unique">true</property>
		</attribute>

		<attribute variable_name="logged" column_name="LOGGED"> 
			<property name="type">NSString</property>
		</attribute>
		
	</entity>

</database-mapping-descriptor>