<!-- 
/** 
 * [SIMINOV FRAMEWORK]
 * Copyright [2015] [Siminov Software Solution LLP|support@siminov.com]
 *
 * Licensed under the Apache License, Version 2.0 (the "License");
 * you may not use this file except in compliance with the License.
 * You may obtain a copy of the License at
 *
 *     http://www.apache.org/licenses/LICENSE-2.0
 *
 * Unless required by applicable law or agreed to in writing, software
 * distributed under the License is distributed on an "AS IS" BASIS,
 * WITHOUT WARRANTIES OR CONDITIONS OF ANY KIND, either express or implied.
 * See the License for the specific language governing permissions and
 * limitations under the License.
 **/

-->


 
<library-descriptor>

	<property name="name">SIMINOV CORE LIBRARY SAMPLE</property>
	<property name="description">Siminov Core Library Sample</property>

	<database-mapping-descriptors>
		<database-mapping-descriptor>SIMINOV-CORE-SAMPLE.Credential.si.xml</database-mapping-descriptor>
	</database-mapping-descriptors>
	 
</library-descriptor>



















